Exam1,Exam2,Pass
34.62366,78.02469,0
30.28671,43.895,0
35.84741,72.9022,0
60.1826,86.30855,1
79.03274,75.34438,1
45.08328,56.31637,0
61.10666,96.51143,1
75.02475,46.55401,1
76.09879,87.42057,1